name_of_settlements,id,Foundation_year
אבו ג'ווייעד (שבט),967,
אבו גוש,472,
אבו סנאן,473,
אבו סריחאן (שבט),935,
אבו עבדון (שבט),958,
אבו עמאר (שבט),1042,
אבו עמרה (שבט),932,
אבו קורינאת (יישוב),1342,
אבו קורינאת (שבט),968,
אבו רובייעה (שבט),966,
אבו רוקייק (שבט),961,
אבו תלול,1375,
אבטין,652,
אבטליון,1275,1987
אביאל,679,1949
אביבים,1115,1960
אביגדור,819,1950
אביחיל,175,1932
אביטל,2052,1953
אביעזר,1070,1958
אבירים,1220,1980
אבן יהודה,182,1932
אבן מנחם,1081,1960
אבן ספיר,783,1950
אבן שמואל,400,1956
אבני איתן,4011,1978
אבני חפץ,3793,1990
אבנת,3786,1983
אבשלום,1311,1990
אדורה,3759,1984
אדירים,113,1956
אדמית,1068,1958
אדרת,1123,1961
אודים,446,1948
אודם,4010,1976
אוהד,1046,1969
אום אל-פחם,2710,
אום אל-קוטוף,2024,
אום בטין,1358,
אומן,1108,1958
אומץ,680,1949
אופקים,31,1955
אור הגנוז,1294,1989
אור הנר,67,1957
אור יהודה,2400,1950
אור עקיבא,1020,1951
אורה,780,1950
אורון,1771,
אורות,2012,1952
אורטל,4013,1978
אורים,403,1946
אורנים,882,1951
אורנית,3760,1985
אושה,278,1937
אזור,565,1948
"אזור אילון מ""א 4",1852,
"אזור אילון מ""א 52",1851,
"אזור אילון של""ש",1853,
"אזור אשדוד מ""א 29",1922,
"אזור אשדוד מ""א 33",1921,
"אזור אשדוד של""ש",1923,
"אזור אשקלון מ""א 36",1924,
"אזור אשקלון מ""א 37",1926,
"אזור באר שבע מ""א 41",1937,
"אזור באר שבע מ""א 51",1938,
"אזור באר שבע של""ש",1939,
"אזור בשור מ""א 38",1933,
"אזור בשור מ""א 39",1935,
"אזור בשור מ""א 42",1934,
"אזור גלילות מ""א 19",1907,
"אזור גרר מ""א 39",1931,
"אזור גרר מ""א 41",1929,
"אזור גרר מ""א 42",1930,
"אזור זכרון יעקב מ""א 15",1866,
"אזור זכרון יעקב של""ש",1867,
"אזור חדרה מ""א 14",1873,
"אזור חדרה מ""א 15",1872,
"אזור חדרה מ""א 45",1871,
"אזור חדרה של""ש",1874,
"אזור חולון של""ש",1909,
"אזור חיפה מ""א 12",1860,
"אזור חיפה של""ש",1862,
"אזור חצור מ""א 1",1813,
"אזור חצור מ""א 55",1814,
"אזור חצור של""ש",1815,
"אזור יחיעם מ""א 2",1848,
"אזור יחיעם מ""א 4",1846,
"אזור יחיעם מ""א 52",1847,
"אזור יחיעם מ""א 56",1849,
"אזור יחיעם של""ש",1850,
"אזור ים המלח מ""א 51",1942,
"אזור יקנעם מ""א 13",1836,
"אזור יקנעם מ""א 9",1835,
"אזור כינרות מ""א 3",1805,
"אזור כנרות מ""א 1",1816,
"אזור כנרות מ""א 6",1817,
"אזור כנרות של""ש",1818,
"אזור כרמיאל מ""א 2",1843,
"אזור כרמיאל מ""א 56",1844,
"אזור כרמיאל של""ש",1845,
"אזור לכיש מ""א 34",1919,
"אזור לכיש מ""א 35",1917,
"אזור לכיש מ""א 41",1920,
"אזור לכיש מ""א 50",1918,
"אזור מודיעין מ""א 25",1887,
"אזור מודיעין מ""א 30",1890,
"אזור מודיעין של""ש",1895,
"אזור מלאכי מ""א 33",1911,
"אזור מלאכי מ""א 34",1915,
"אזור מלאכי מ""א 35",1913,
"אזור מלאכי מ""א 50",1914,
"אזור נהרייה מ""א 4",1855,
"אזור נהרייה של""ש",1856,
"אזור עכו מ""א 4",1858,
"אזור עכו מ""א 56",1857,
"אזור עכו של""ש",1859,
"אזור פתח תקווה מ""א 20",1888,
"אזור פתח תקווה מ""א 25",1886,
"אזור פתח תקווה של""ש",1889,
"אזור ראשל""צ מ""א 27",1903,
"אזור ראשל""צ של""ש",1904,
"אזור רחובות מ""א 28",1896,
"אזור רחובות מ""א 29",1899,
"אזור רחובות מ""א 30",1898,
"אזור רחובות מ""א 31",1901,
"אזור רחובות מ""א 32",1897,
"אזור רחובות של""ש",1902,
"אזור רמלה מ""א 25",1892,
"אזור רמלה מ""א 30",1891,
"אזור רמלה מ""א 40",1893,
"אזור רמלה של""ש",1894,
"אזור רמת גן של""ש",1908,
"אזור שפרעם מ""א 56",1841,
"אזור שפרעם מ""א 9",1840,
"אזור שפרעם של""ש",1842,
"אזור תל אביב של""ש",1905,
אזור תעסוקה משגב(תרדיון),1724,
"אזור תעשיה אכסאל מ""א 9",1865,
אזור תעשייה אכזיב (מילואות),1726,
אזור תעשייה נעמן (מילואות),1727,
אחווה,1157,1976
אחוזם,821,1950
אחוזת ברק,1330,1998
אחיהוד,785,1950
אחיטוב,850,1951
אחיסמך,804,1950
אחיעזר,797,1950
אטרש (שבט),965,
איבים,338,1991
אייל,716,1949
איילת השחר,77,1918
אילון,294,1938
אילון תבור*,1716,
אילות,1126,1962
אילנייה,49,1902
אילת,2600,1951
אירוס,1336,2013
איתמר,3762,1984
איתן,37,1955
איתנים,886,1952
אכסאל,478,
אל -עזי,1339,
אל -עריאן,1316,
אל -רום,4003,1971
אל סייד,1359,
אלומה,1145,1965
אלומות,330,1941
אלון הגליל,1182,1980
אלון מורה,3579,1979
אלון שבות,3604,1970
אלוני אבא,429,1948
אלוני הבשן,4017,1981
אלוני יצחק,868,1949
אלונים,285,1938
אלי-עד,4002,1968
אליאב,1365,2013
אליכין,41,1950
אליפז,1248,1982
אליפלט,730,1949
אליקים,682,1949
אלישיב,204,1933
אלישמע,841,1951
אלמגור,1125,1961
אלמוג,3556,1977
אלעד,1309,1998
אלעזר,3618,1975
אלפי מנשה,3750,1983
אלקוש,603,1949
אלקנה,3560,1977
אמונים,772,1950
אמירים,1064,1950
אמנון,1253,1983
אמציה,23,1955
אניעם,4012,1978
אסד (שבט),960,
אספר,3754,1983
אעבלין,529,
אעצם (שבט),963,
אפיניש (שבט),959,
אפיק,4301,1967
אפיקים,176,1932
אפק,313,1939
אפרת,3650,1980
ארבל,701,1949
ארגמן,3598,1968
ארז,714,1949
אריאל,3570,1978
ארסוף,1324,1995
אשבול,71,1955
אשבל,1276,1979
אשדוד,70,1955
אשדות יעקב (איחוד),199,1933
אשדות יעקב (מאוחד),188,1933
אשחר,1188,1986
אשכולות,3722,1982
אשל הנשיא,2021,1952
אשלים,1152,1976
אשקלון,7100,1948
אשרת,1256,1983
אשתאול,740,1949
באקה אל-גרביה,6000,
באר אורה,21,1950
באר גנים,1376,2012
באר טוביה,155,1930
באר יעקב,2530,1907
באר מילכה,1278,2006
באר שבע,9000,1948
בארות יצחק,450,1948
בארותיים,697,1949
בארי,399,1946
בוסתן הגליל,559,1948
בועיינה-נוג'ידאת,482,
בוקעאתא,4001,
בורגתה,698,1949
בחן,2043,1953
בטחה,762,1950
"בי""ס אזורי מקיף (אשר)",1725,
ביצרון,234,1935
ביר אל-מכסור,998,
ביר הדאג',1348,
בירייה,368,1945
בית אורן,317,1939
בית אל,3574,1977
בית אלעזרי,562,1948
בית אלפא,95,1922
בית אריה-עופרים,3652,1981
בית ברל,1076,1947
בית ג'ן,480,
בית גוברין,619,1949
בית גמליאל,571,1949
בית דגן,466,1948
בית הגדי,723,1949
בית הלוי,373,1945
בית הלל,322,1940
בית העמק,572,1949
בית הערבה,3645,1980
בית השיטה,242,1935
בית זיד,353,1943
בית זית,710,1949
בית זרע,143,1926
בית חולים פוריה,1712,
בית חורון,3575,1977
בית חירות,877,1933
בית חלקיה,2033,1953
בית חנן,159,1930
בית חנניה,800,1950
בית חשמונאי,1050,1972
בית יהושע,288,1938
בית יוסף,265,1937
בית ינאי,200,1933
בית יצחק-שער חפר,326,1940
בית לחם הגלילית,430,1948
בית מאיר,751,1950
בית נחמיה,784,1950
בית ניר,16,1955
בית נקופה,672,1949
בית עובד,202,1933
בית עוזיאל,301,1956
בית עזרא,756,1950
בית עריף,604,1951
בית צבי,212,1953
בית קמה,598,1949
בית קשת,365,1944
בית רבן,848,1946
בית רימון,1162,1977
בית שאן,9200,1948
בית שמש,2610,1950
בית שערים,248,1936
בית שקמה,747,1950
ביתן אהרן,252,1936
ביתר עילית,3780,1985
בלפוריה,94,1922
בן זכאי,760,1950
בן עמי,712,1949
בן שמן (כפר נוער),1084,1921
בן שמן (מושב),2013,1952
בני ברק,6100,1924
בני דקלים,1368,2009
בני דרום,592,1949
בני דרור,386,1946
בני יהודה,4015,1972
בני נצרים,1363,2010
בני עטרות,448,1948
"בני עי""ש",1066,1958
בני ציון,418,1947
בני ראם,588,1949
בניה,685,1949
בנימינה-גבעת עדה*,9800,1903
"בסמ""ה",1326,
בסמת טבעון,944,
בענה,483,
בצרה,389,1946
בצת,589,1949
בקוע,864,1951
בקעות,3612,1972
"בקעת נטופה מ""א 56",1854,
"בקעת תירען מ""א 3",1884,
בר-לב,1728,
בר גיורא,823,1950
בר יוחאי,1191,1979
ברוכין,3744,2012
ברור חיל,428,1948
ברוש,2060,1953
ברכה,3710,1983
ברכיה,746,1950
ברעם,667,1949
ברק,141,1956
ברקאי,617,1949
ברקן,3654,1981
ברקת,2038,1952
בת הדר,1323,1995
בת חן,1361,1967
בת חפר,1319,1996
בת ים,6200,1926
בת עין,3794,1989
בת שלמה,33,1889
בתי זיקוק - קישון,1736,
ג'דיידה-מכר,1292,
ג'ולס,485,
ג'לג'וליה,627,
ג'נאביב (שבט),976,
ג'סר א-זרקא,541,
ג'ש (גוש חלב),487,
ג'ת,628,
גאולי תימן,872,1947
גאולים,379,1945
"גאון הירדן מ""א 3",1963,
גאליה,853,1948
גבולות,352,1943
גבים,424,1947
גבע,86,1921
גבע בנימין,3763,1984
גבע כרמל,683,1949
גבעולים,2014,1952
גבעון החדשה,3644,1980
גבעות בר,1344,2004
גבעת אבני,1293,1991
גבעת אלה,1288,1988
גבעת ברנר,147,1928
גבעת השלושה,870,1925
גבעת זאב,3730,1983
"גבעת ח""ן",207,1933
גבעת חביבה,1740,
גבעת חיים (איחוד),2018,1932
גבעת חיים (מאוחד),173,1932
גבעת יואב,4021,1968
גבעת יערים,787,1950
גבעת ישעיהו,919,1958
"גבעת כ""ח",802,1950
"גבעת ניל""י",360,1953
גבעת עוז,703,1949
גבעת שמואל,681,1942
גבעת שמש,566,1954
גבעת שפירא,1077,1958
גבעתי,793,1950
גבעתיים,6300,1922
גברעם,342,1942
גבת,133,1926
גדות,35,1949
גדיש,145,1956
גדעונה,442,1949
גדרה,2550,1884
"גולן דרומי מ""א 71",1966,
"גולן צפוני מ""א 71",1962,
"גולן תיכון מ""א 71",1964,
גונן,852,1951
גורן,755,1950
גורנות הגליל,1219,1980
גזית,457,1948
גזר,370,1945
גיאה,706,1949
גיבתון,196,1933
גיזו,1043,1968
גילון,1204,1980
גילת,736,1949
גינוסר,262,1937
גיניגר,92,1922
גינתון,863,1949
גיתה,1206,1980
גיתית,3613,1973
גלאון,393,1946
גלגל,3606,1970
גליל ים,346,1943
"גליל עליון מז מ""א 1",1809,
"גליל עליון מז מ""א 2",1811,
"גליל עליון מז מ""א 55",1810,
"גליל עליון מז של""ש",1812,
"גליל תחתון מז מ""א 2",1820,
"גליל תחתון מז מ""א 3",1819,
"גליל תחתון מז מ""א 6",1821,
"גליל תחתון מז של""ש",1822,
גלעד (אבן יצחק),369,1945
"גמ""ל מחוז דרום",1997,
גמזו,745,1950
גן הדרום,1072,1953
גן השומרון,225,1934
גן חיים,239,1935
גן יאשיה,734,1949
גן יבנה,166,1931
גן נר,1274,1987
גן שורק,311,1950
גן שלמה,144,1927
גן שמואל,72,1913
גנות,836,1953
גנות הדר,549,1964
גני הדר,1103,1958
גני טל,1371,2010
גני יוחנן,862,1950
גני מודיעין,3823,1996
גני עם,218,1934
גני תקווה,229,1953
געש,842,1951
געתון,463,1948
גפן,39,1955
גרופית,1129,1963
גשור,4022,1971
גשר,305,1939
גשר הזיו,574,1949
גת (קיבוץ),340,1941
גת רימון,128,1926
דאלית אל-כרמל,494,
דבורה,146,1956
דבורייה,489,
דבירה,849,1951
דברת,407,1946
דגניה א',62,1909
דגניה ב',79,1920
"דוב""ב",1067,1963
דולב,3747,1983
דור,738,1949
דורות,336,1941
דחי,475,
דייר אל-אסד,490,
דייר חנא,492,
דייר ראפאת,493,
דימונה,2200,1955
דישון,2063,1953
דלייה,300,1939
דלתון,431,1950
דמיידה,1317,
דן,303,1939
דפנה,302,1939
דקל,1241,1982
"דרום השרון מ""א 18",1881,
"דרום השרון מ""א 20",1882,
"דרום השרון של""ש",1885,
דרום יהודה,1998,
דריג'את,1349,
האון,702,1949
הבונים,675,1949
הגושרים,356,1948
הדר עם,191,1933
הוד השרון,9700,1924
הודיות,1322,1959
הודייה,726,1949
הוואשלה (שבט),1169,
הוזייל (שבט),956,
הושעיה,1186,1981
הזורע,250,1936
הזורעים,307,1939
החותרים,434,1948
היוגב,684,1949
הילה,1208,1980
המעפיל,377,1945
המרכז למחקר-נחל שורק,1751,
הסוללים,677,1949
העוגן,423,1947
"הערבה מ""א 51",1944,
"הערבה מ""א 53",1945,
"הערבה מ""א 54",1946,
הר אדר,3769,1986
"הר אלכסנדר מ""א 14",1869,
"הר אלכסנדר מ""א 45",1868,
"הר אלכסנדר של""ש",1870,
הר גילה,3603,1972
"הר הנגב הדרומי מ""א 48",1953,
"הר הנגב הדרומי מ""א 53",1951,
"הר הנגב הדרומי מ""א 54",1952,
"הר הנגב הצפוני מ""א 48",1948,
"הר הנגב הצפוני מ""א 51",1949,
"הר הנגב הצפוני מ""א 53",1947,
"הר הנגב הצפוני מ""א 54",1950,
הר עמשא,1261,1983
הראל,464,1948
הרדוף,1249,1982
"הרי יהודה מ""א 26",1801,
"הרי יהודה של""ש",1802,
הרי נצרת-תירען,1823,
"הרי נצרת-תירען מ""א 9",1839,
הרצלייה,6400,1924
הררית,1203,1980
השומרון,1999,
ורד יריחו,3639,1980
ורדון,1133,1968
זבארגה (שבט),2742,
זבדיאל,815,1950
זוהר,44,1956
זיקים,584,1949
זיתן,788,1950
זכרון יעקב,9300,1882
זכריה,799,1950
זמר,1290,
זמרת,1065,1957
זנוח,816,1950
זרועה,2064,1953
זרזיר,975,
זרחיה,818,1950
ח'ואלד,1321,
ח'ואלד (שבט),986,
חבצלת השרון,235,1935
חבר,1110,1958
חגור,717,1949
חגי,3764,1984
חגלה,205,1933
חד-נס,4026,1989
חדיד,618,1950
חדרה,6500,1890
חוג'ייראת (ד'הרה) (שבט),948,
חולדה,160,1930
חולון,6600,1940
חולית,1239,1980
חולתה,253,1937
חוסן,662,1949
חוסנייה,1332,
"חוף הכרמל מ""א 15",1864,
חופית,115,1955
חוקוק,374,1945
חורה,1303,
חורפיש,496,
חורשים,355,1955
חזון,1047,1969
חיבת ציון,219,1933
חיננית,3643,1981
חיפה,4000,ותיק
חירות,162,1930
חלוץ,1272,1985
חלץ,820,1950
"חמ""ד",801,1950
חמאם,993,
חמדיה,343,1942
חמדת,3646,1980
חמרה,3609,1971
חניאל,807,1950
חניתה,280,1938
חנתון,1257,1984
חספין,4005,1973
חפץ חיים,363,1944
חפצי-בה,90,1922
חצב,700,1949
חצבה,13,1965
חצור-אשדוד,406,1937
חצור הגלילית,2034,1953
חצרים,397,1946
חרב לאת,422,1947
חרוצים,1024,1951
חריש,1247,1982
"חרמון מ""א 71",1960,
חרמש,3717,1982
חרשים,1209,1980
חשמונאים,3770,1985
טבריה,6700,ותיק
טובא-זנגרייה,962,
טורעאן,498,
טייבה,2730,
טייבה (בעמק),497,
טירה,2720,
טירת יהודה,663,1949
טירת כרמל,2100,1949
טירת צבי,268,1937
טל-אל,1181,1980
טל שחר,462,1948
טללים,1177,1980
טלמון,3788,1989
טמרה,8900,
טמרה (יזרעאל),547,
טנא,3743,1983
טפחות,1214,1980
יאנוח-ג'ת,1295,
יבול,1232,1981
יבנאל,46,1901
יבנה,2660,1949
יגור,96,1922
יגל,798,1950
יד בנימין,577,1949
יד השמונה,1134,1978
יד חנה,758,1950
יד מרדכי,358,1943
יד נתן,775,1953
"יד רמב""ם",64,1955
ידידה,1144,1964
יהוד-מונוסון,9400,1948
יהל,1158,1976
יובל,2009,1952
יובלים,1226,1982
יודפת,1112,1960
יונתן,4007,1976
יושיביה,803,1950
יזרעאל,452,1948
יחיעם,409,1946
יטבתה,866,1951
"ייט""ב",3607,1970
יכיני,811,1950
ים המלח - בתי מלון,1772,
ינוב,753,1950
ינון,2011,1952
יסוד המעלה,29,1883
יסודות,440,1948
יסעור,575,1949
יעד,1138,1975
יעל,1117,
יעף,1044,1968
יערה,795,1950
"יערות גבעת המורה מ""א 9",1863,
יפיע,499,
יפית,3566,1980
יפעת,134,1926
יפתח,453,1948
יצהר,3749,1983
יציץ,759,1950
יקום,417,1947
יקיר,3647,1981
יקנעם (מושבה),241,1935
יקנעם עילית,240,1950
יראון,623,1949
ירדנה,2026,1952
ירוחם,831,1951
ירושלים,3000,ותיק
ירחיב,718,1949
ירכא,502,
ירקונה,183,1932
ישע,916,1957
ישעי,805,1950
ישרש,828,1950
יתד,1227,1981
כאבול,504,
כאוכב אבו אל-היג'א,505,
כברי,576,1949
כדורי,371,1931
כדיתה,1338,2009
כוכב השחר,3564,1977
כוכב יאיר,1224,1981
כוכב יעקב,3779,1985
כוכב מיכאל,824,1950
כורזים,1252,1983
כחל,1210,1980
כחלה,1367,
כיסופים,840,1951
כישור,1153,1976
כליל,1183,1979
כלנית,1229,1981
כמאנה,1331,
כמהין,1291,1988
כמון,1201,1980
כנות,2006,1952
כנף,4028,1991
כנרת (מושבה),63,1909
כנרת (קבוצה),57,1908
כסיפה,1059,
כסלון,859,1952
כסרא-סמיע,1296,
כעביה-טבאש-חג'אג'רה,978,
כפר אביב,857,1951
כפר אדומים,3638,1979
כפר אוריה,364,1944
כפר אחים,690,1949
כפר ביאליק,220,1934
"כפר ביל""ו",177,1932
כפר בלום,357,1943
כפר בן נון,2010,1952
כפר ברא,633,
כפר ברוך,132,1926
כפר גדעון,106,1923
כפר גלים,427,1952
כפר גליקסון,310,1939
כפר גלעדי,76,1916
כפר דניאל,707,1949
כפר האורנים,3796,1998
כפר החורש,192,1933
כפר המכבי,254,1936
כפר הנגיד,582,1949
כפר הנוער הדתי,890,1937
כפר הנשיא,443,1948
כפר הס,187,1933
"כפר הרא""ה",217,1934
"כפר הרי""ף",888,1956
כפר ויתקין,190,1933
כפר ורבורג,320,1939
כפר ורדים,1263,1984
כפר זוהרים,1325,1995
כפר זיתים,786,1950
"כפר חב""ד",696,1949
כפר חושן,609,1949
כפר חיטים,255,1936
כפר חיים,193,1933
כפר חנניה,1297,1990
כפר חסידים א',112,1924
כפר חסידים ב',889,1950
כפר חרוב,4004,1974
כפר טרומן,673,1949
כפר יאסיף,507,
כפר ידידיה,233,1935
כפר יהושע,140,1927
כפר יונה,168,1932
כפר יחזקאל,85,1921
כפר יעבץ,170,1932
כפר כמא,508,
כפר כנא,509,
כפר מונש,387,1946
כפר מימון,1095,1959
"כפר מל""ל",98,1922
כפר מנדא,510,
כפר מנחם,274,1937
כפר מסריק,297,1938
כפר מצר,512,
כפר מרדכי,764,1950
כפר נטר,316,1939
כפר סאלד,345,1942
כפר סבא,6900,1903
כפר סילבר,107,1957
כפר סירקין,249,1936
כפר עבודה,875,1942
כפר עזה,845,1951
כפר עציון,3488,1967
כפר פינס,189,1933
כפר קאסם,634,
כפר קיש,388,1946
כפר קרע,654,
כפר ראש הנקרה,579,1949
כפר רוזנואלד (זרעית),1130,1967
כפר רופין,295,1938
כפר רות,1166,1977
כפר שמאי,605,1949
כפר שמואל,743,1950
כפר שמריהו,267,1937
כפר תבור,47,1901
כפר תפוח,3572,1978
כרכום,1285,1988
כרם בן זמרה,664,1949
כרם בן שמן,88,1958
כרם יבנה (ישיבה),1094,1963
"כרם מהר""ל",580,1949
כרם שלום,1085,1956
כרמי יוסף,1264,1984
כרמי צור,3766,1984
כרמי קטיף,1374,2016
כרמיאל,1139,1964
כרמייה,768,1950
כרמים,1198,1980
כרמל,3656,1981
לבון,1207,1980
לביא,585,1949
לבנים,1230,1982
להב,2023,1952
להבות הבשן,380,1945
להבות חביבה,715,1949
להבים,1271,1985
לוד,7000,1948
לוזית,52,1955
לוחמי הגיטאות,595,1949
לוטם,1171,1978
לוטן,1255,1983
לימן,674,1949
לכיש,24,1955
לפיד,1310,1996
לפידות,1173,1978
לקיה,1060,
מאור,2055,1953
מאיר שפיה,102,1923
מבוא ביתר,771,1950
מבוא דותן,3569,1978
מבוא חורון,3709,1970
מבוא חמה,4204,1968
מבוא מודיעים,1141,1964
מבואות ים,1318,1954
מבואות יריחו,3825,2019
מבועים,1080,1958
מבטחים,829,1950
מבקיעים,573,1949
מבשרת ציון,1015,1951
מג'ד אל-כרום,516,
מג'דל שמס,4201,
מגאר,481,
מגדים,689,1949
מגדל,65,1910
מגדל העמק,874,1952
מגדל עוז,3561,1977
מגדל תפן,1722,
מגדלים,3751,1983
מגידו,586,1949
מגל,375,1953
מגן,695,1949
מגן שאול,1155,1976
מגשימים,722,1949
מדרך עוז,2029,1952
מדרשת בן גוריון,1140,1965
מדרשת רופין,897,1948
מודיעין-מכבים-רעות*,1200,1986
מודיעין עילית,3797,1996
מולדת,269,1937
מוצא עילית,208,1933
מוקייבלה,635,
מורן,1163,1977
מורשת,1178,1981
מזור,606,1949
מזכרת בתיה,28,1883
"מזרח השרון מ""א 16",1879,
"מזרח השרון מ""א 18",1880,
מזרע,104,1923
מזרעה,517,
מחולה,3599,1968
מחנה הילה*,1411,
מחנה טלי*,1418,
מחנה יהודית*,1413,
מחנה יוכבד*,1416,
מחנה יפה*,1415,
מחנה יתיר,1196,1979
מחנה מרים*,1414,
מחנה תל נוף*,1412,
מחניים,308,1939
מחסיה,776,1950
מטולה,43,1896
מטע,822,1950
מי עמי,1128,1963
מיטב,2054,1954
מייסר,649,
מיצר,4019,1981
מירב,1282,1987
מירון,607,1949
מישר,731,1950
מיתר,1268,1984
מכורה,3614,1973
מכחול,1343,
מכמורת,382,1945
מכמנים,1202,1980
מלאה,164,1956
מלילות,2044,1953
מלכייה,596,1949
מלכישוע,1154,1976
מנוחה,2030,1953
מנוף,1174,1980
מנות,1205,1980
מנחמיה,48,1902
מנרה,347,1943
מנשית זבדה,994,
מסד,1258,1983
מסדה,263,1937
מסילות,298,1938
מסילת ציון,742,1950
מסלול,748,1950
מסעדה,4203,
מסעודין אל-עזאזמה (שבט),939,
מעברות,197,1933
מעגלים,1082,1958
מעגן,678,1949
מעגן מיכאל,694,1949
מעוז חיים,272,1937
מעון,3657,1981
מעונה,570,1949
מעיין ברוך,416,1947
מעיין צבי,290,1938
מעיליא,518,
מעלה אדומים,3616,1975
מעלה אפרים,3608,1970
מעלה גלבוע,1127,1962
מעלה גמלא,4008,1976
מעלה החמישה,286,1938
מעלה לבונה,3752,1983
מעלה מכמש,3651,1981
מעלה עירון,1327,
מעלה עמוס,3653,1981
מעלות-תרשיחא,1063,1957
מענית,344,1942
"מערב השרון מ""א 16",1876,
"מערב השרון מ""א 18",1877,
"מערב השרון מ""א 19",1878,
מעש,230,1935
מפלסים,668,1949
"מפעלי אבשלו""ם",1767,
מפעלי ברקן,1791,
מפעלי גליל עליון,1706,
מפעלי גרנות,1739,
מפעלי העמק (יזרעאל),1717,
מפעלי חבל מודיעים,1729,
מפעלי ים המלח(סדום),1775,
מפעלי כנות,1753,
מפעלי מישור רותם,1773,
מפעלי מעון,1769,
מפעלי נחם הרטוב,1701,
מפעלי צומת מלאכי,1761,
מפעלי צין - ערבה,1776,
מפעלי צמח,1711,
מפעלי שאן,1719,
מצדות יהודה,3745,1983
מצובה,325,1940
מצליח,757,1950
מצפה,58,1908
"מצפה אבי""ב",1222,1981
מצפה אילן,1370,2009
מצפה יריחו,3576,1978
מצפה נטופה,1190,1979
מצפה רמון,99,1954
מצפה שלם,3610,1971
מצר,648,1953
מקווה ישראל,22,1870
מרגליות,843,1951
מרום גולן,4101,1967
מרחב עם,1340,2002
מרחביה (מושב),97,1922
מרחביה (קיבוץ),66,1911
מרכז אזורי כדורי,1713,
מרכז אזורי מרום הגליל,1708,
מרכז אזורי משגב,1723,
מרכז אזורי שוהם,1747,
"מרכז כ""ח",1705,
"מרכז מיר""ב*",1715,
מרכז שפירא,1098,1948
משאבי שדה,421,1949
משגב דב,765,1950
משגב עם,378,1945
משהד,520,
משואה,3605,1970
משואות יצחק,620,1949
משכיות,3785,1986
משמר איילון,670,1949
משמר דוד,563,1948
משמר הירדן,732,1949
משמר הנגב,395,1946
משמר העמק,130,1926
משמר השבעה,729,1949
משמר השרון,194,1933
משמרות,213,1933
משמרת,425,1946
משען,791,1950
מתן,1315,1995
מתת,1184,1979
מתתיהו,3648,1981
נאות גולן,4551,1967
נאות הכיכר,1124,1961
נאות חובב,1770,
נאות מרדכי,408,1946
נאות סמדר,1197,1982
נאעורה,524,
נבטים,396,1946
נגבה,315,1939
נגוהות,3724,1999
נהורה,309,1956
נהלל,80,1921
נהרייה,9100,1934
נוב,4304,1973
נוגה,55,1955
נווה,1366,2010
נווה אבות,926,1948
נווה אור,590,1949
"נווה אטי""ב",4303,1972
נווה אילן,405,1946
נווה אילן*,1702,
נווה איתן,296,1938
נווה דניאל,3725,1982
נווה זוהר,1057,1972
נווה זיו,1314,2000
נווה חריף,1279,1987
נווה ים,312,1939
נווה ימין,686,1949
נווה ירק,858,1951
נווה מבטח,827,1950
נווה מיכאל,1071,1958
נווה צוף,3573,1977
נווה שלום,1259,1983
נועם,15,1955
נוף איילון,1333,1994
נוף הגליל,1061,1957
נופים,3790,1987
נופית,1284,1987
נופך,257,1949
נוקדים,3726,1982
נורדייה,447,1948
נורית,833,1950
נחושה,59,1982
"נחל יפתחאל מ""א 3",1883,
נחל עוז,844,1951
"נחל תבור מ""א 8",1861,
נחלה,2045,1953
נחליאל,3767,1984
נחלים,449,1948
נחם,809,1950
נחף,522,
נחשולים,433,1948
נחשון,777,1950
נחשונים,705,1949
נטועה,1147,1966
נטור,4014,1980
נטע,1369,2012
נטעים,174,1932
נטף,1254,1982
ניין,523,
"ניל""י",3655,1981
ניצן,351,1949
ניצן ב',1419,2007
ניצנה (קהילת חינוך),1195,1980
ניצני סיני,1280,1986
ניצני עוז,851,1951
ניצנים,359,1943
ניר אליהו,808,1950
ניר בנים,553,1954
ניר גלים,720,1949
ניר דוד (תל עמל),256,1936
"ניר ח""ן",11,1955
ניר יפה,165,1956
ניר יצחק,402,1949
ניר ישראל,699,1949
ניר משה,2047,1953
ניר עוז,69,1955
ניר עם,348,1943
ניר עציון,769,1950
ניר עקיבא,2048,1953
ניר צבי,331,1954
נירים,602,1949
נירית,1236,1982
נמל תעופה בן-גוריון,1748,
נמרוד,4035,
נס הרים,825,1950
נס עמים,1143,1964
נס ציונה,7200,1883
נעורים,186,1953
נעלה,3787,1988
"נעמ""ה",3713,1982
נען,158,1930
נערן,3620,1977
נפת בית לחם,1982,
"נפת בית לחם מ""א 76",1981,
נפת ג'נין,1971,
"נפת ג'נין מ""א 72",1970,
נפת חברון,1984,
"נפת חברון מ""א 78",1983,
נפת טול כרם,1975,
נפת ירדן,1980,
"נפת ירדן מ""א 74",1978,
"נפת ירדן מ""א 75",1979,
נפת ראמאללה,1977,
"נפת ראמאללה מ""א 73",1974,
"נפת ראמאללה מ""א 73",1976,
נפת שכם,1973,
"נפת שכם מ""א 72",1972,
נצאצרה (שבט),1041,
נצר חזני,1372,2010
נצר סרני,435,1948
נצרת,7300,
נשר,2500,1925
נתיב הגדוד,3555,1976
"נתיב הל""ה",693,1949
נתיב העשרה,1242,1982
נתיב השיירה,792,1950
נתיבות,246,1956
נתניה,7400,1929
סאג'ור,525,
סאסא,578,1949
סביון*,587,1951
סגולה,2046,1953
סואעד (חמרייה)*,942,
סואעד (כמאנה) (שבט),989,
סולם,526,
סוסיה,3756,1983
סופה,1238,1975
סח'נין,7500,
סייד (שבט),1170,
סלמה,1245,
סלעית,3567,1977
סמר,1156,1976
סנסנה,3777,2013
סעד,419,1947
סעוה,1360,
סער,454,1948
ספיר,1176,1979
סתרייה,610,1949
ע'ג'ר,4501,
עבדון,892,1952
עברון,376,1945
עגור,794,1950
עד הלום,1762,
עדי,1199,1980
עדנים,2035,1950
עוזה,826,1950
עוזייר,528,
עולש,737,1949
עומר,666,1949
עופר,810,1950
עוצם,32,1955
עוקבי (בנו עוקבה) (שבט),957,
עזוז,328,1984
עזר,1149,1966
עזריאל,837,1951
עזריה,711,1949
עזריקם,817,1950
עטאוונה (שבט),969,
עטרת,3658,1981
עידן,1175,1980
עידן הנגב,1765,
עיילבון,530,
עיינות,156,1930
עילוט,511,
עין איילה,687,1949
עין אל-אסד,546,
עין גב,273,1937
עין גדי,2042,1953
עין דור,436,1948
עין הבשור,1240,1982
עין הוד,74,1954
עין החורש,167,1931
עין המפרץ,289,1938
"עין הנצי""ב",383,1946
עין העמק,367,1944
עין השופט,270,1937
עין השלושה,676,1950
עין ורד,157,1930
עין זיוון,4503,1968
עין חוד,1320,
עין חצבה,1053,
עין חרוד (איחוד),89,1921
עין חרוד (מאוחד),82,1921
עין יהב,806,1951
עין יעקב,813,1950
"עין כרם-בי""ס חקלאי",1056,1952
עין כרמל,426,1947
עין מאהל,532,
עין נקובא,521,
עין עירון,223,1934
עין צורים,622,1949
עין קנייא,4502,
עין ראפה,514,
עין שמר,139,1927
עין שריד,880,1950
עין תמר,1251,1982
עינת,871,1925
עיר אובות,1187,
עכו,7600,1948
עלומים,1146,1966
עלי,3765,1984
עלי זהב,3727,1982
עלמה,688,1949
עלמון,3715,1982
עמוקה,1212,1980
עמיחי,3824,2018
עמינדב,779,1950
עמיעד,385,1946
עמיעוז,318,1957
עמיקם,773,1950
עמיר,319,1939
עמנואל,3660,1983
"עמק בית שאן מ""א 7",1824,
"עמק בית שאן של""ש",1825,
"עמק חולה מ""א 1",1806,
"עמק חולה מ""א 55",1807,
"עמק חולה של""ש",1808,
"עמק חפר מזרח מ""א 16",1875,
"עמק חרוד מ""א 8",1826,
"עמק חרוד של""ש",1827,
"עמק יזרעאל מ""א 13",1834,
"עמק יזרעאל מ""א 8",1832,
"עמק יזרעאל מ""א 9",1833,
עמקה,708,1949
ענב,3712,1981
עספיא,534,
עפולה,7700,1925
עפרה,3617,1975
עץ אפרים,3778,1985
עצמון שגב,917,1953
עראבה,531,
עראמשה*,1246,
ערב אל נעים,1335,
ערד,2560,1961
ערוגות,593,1949
ערערה,637,
ערערה-בנגב,1192,
עשרת,591,1954
עתלית,53,1904
עתניאל,3748,1983
פארן,1151,1972
"פארק הירדן מ""א 6",1961,
פארק תעשיות ספירים,1763,
פארק תעשיות עמק חפר,1745,
פדואל,3768,1984
פדויים,750,1950
פדיה,838,1951
פוריידיס,537,
פורייה - כפר עבודה,1104,1949
פורייה - נווה עובד,1105,1949
פורייה עילית,1313,1955
פורת,767,1950
פטיש,749,1950
פלך,1185,1980
פלמחים,597,1949
פני חבר,3723,1982
פסגות,3659,1981
פסוטה,535,
"פעמי תש""ז",2059,1953
פצאל,3615,1975
פקיעין (בוקייעה),536,
פקיעין חדשה,281,1955
פרדס חנה-כרכור,7800,1913
פרדסייה,171,1942
פרוד,599,1949
פרזון,2053,1953
פרי גן,1231,1981
פתח תקווה,7900,1878
פתחיה,839,1951
צאלים,413,1947
צביה,1180,1979
צבעון,1213,1980
צובה,465,1948
צוחר,1136,1973
צופייה,1111,
צופים,3791,1989
צופית,198,1933
צופר,1150,1970
צוקי ים,1102,1956
צוקים,1262,1983
צור הדסה,1113,1960
צור יצחק,1345,2007
צור משה,276,1937
צור נתן,1148,1970
צוריאל,774,1950
צורית,1221,1981
ציפורי,613,1949
צלפון,796,1950
צנדלה,636,
צפרייה,594,1949
צפרירים,1079,1958
צפת,8000,ותיק
צרופה,612,1949
צרעה,567,1948
קבועה (שבט),1234,
קבוצת יבנה,334,1941
קדומים,3557,1977
קדימה-צורן,195,1933
קדמה,392,
קדמת צבי,4025,1985
קדר,3781,1985
קדרון,615,1949
קדרים,1211,1980
קודייראת א-צאנע (שבט),964,
קוואעין (שבט),972,
קוממיות,766,1950
קורנית,1179,1982
קטורה,1052,1970
קיסריה,1167,1977
קלחים,414,1954
קליה,3601,1968
קלנסווה,638,
קלע,4024,1984
קציר,1243,1982
קצר א-סר,1347,
קצרין,4100,1977
קריית אונו,2620,1939
קריית ארבע,3611,1972
קריית אתא,6800,1925
קריית ביאליק,9500,1934
קריית גת,2630,1954
קריית חינוך מרחבים*,1768,
קריית טבעון,2300,1937
קריית ים,9600,1941
קריית יערים,1137,1975
קריית יערים (מוסד),2039,1952
קריית מוצקין,8200,1934
קריית מלאכי,1034,1951
קריית נטפים,3746,1983
קריית ענבים,78,1920
קריית עקרון,469,1948
קריית שלמה,412,1945
קריית שמונה,2800,1950
קרית חינוך עזתה,1766,
קרית תעופה,1746,
קרני שומרון,3640,1978
קשת,4006,1974
ראמה,543,
ראס אל-עין,1334,
ראס עלי,990,
ראש העין,2640,1950
ראש פינה,26,1882
ראש צורים,3602,1969
ראשון לציון,8300,1882
רבבה,3795,1991
רבדים,564,1948
רביבים,354,1943
רביד,1225,1981
רגבה,390,1946
רגבים,444,1948
רהט,1161,
רווחה,2051,1953
רוויה,2016,1952
רוח מדבר,1341,
רוחמה,362,1944
רומאנה,539,
רומת הייב,997,
רועי,3619,1976
רותם,3782,1983
רחוב,854,1951
רחובות,8400,1890
רחלים,3822,2013
ריחאנייה,540,
ריחן,3568,1977
ריינה,542,
רימונים,3565,1977
רינתיה,616,1949
רכסים,922,1957
רם-און,1069,1960
רמות,4702,1970
רמות השבים,206,1933
רמות מאיר,735,1949
רמות מנשה,445,1948
רמות נפתלי,372,1945
רמלה,8500,1948
רמת גן,8600,1921
רמת דוד,135,1926
רמת הכובש,184,1932
רמת השופט,335,1941
רמת השרון,2650,1923
רמת יוחנן,178,1932
רמת ישי,122,1925
"רמת כוכב מ""א 7",1828,
"רמת כוכב מ""א 8",1829,
"רמת כוכב מ""א 9",1830,
"רמת כוכב של""ש",1831,
רמת מגשימים,4701,1968
"רמת מנשה מ""א 13",1837,
"רמת מנשה של""ש",1838,
רמת צבי,339,1942
רמת רזיאל,460,1948
רמת רחל,127,1926
רנן,789,1950
רעים,713,1949
רעננה,8700,1921
רקפת,1228,1981
רשפון,247,1936
רשפים,437,1948
רתמים,1260,1983
שאר ישוב,324,1940
שבי דרום,1377,2017
שבי ציון,282,1938
שבי שומרון,3571,1977
שבלי - אום אל-גנם,913,
שגב-שלום,1286,
שדה אילן,721,1949
שדה אליהו,304,1939
שדה אליעזר,861,1952
שדה בוקר,885,1952
שדה דוד,36,1955
שדה ורבורג,284,1938
שדה יואב,293,1956
שדה יעקב,142,1927
שדה יצחק,2008,1952
שדה משה,18,1956
שדה נחום,259,1937
שדה נחמיה,329,1940
שדה ניצן,1058,1973
שדה עוזיהו,739,1950
שדה צבי,2049,1953
שדות ים,327,1940
שדות מיכה,27,1955
שדי אברהם,1223,1981
שדי חמד,2015,1952
שדי תרומות,2057,1951
שדמה,555,1954
שדמות דבורה,306,1939
שדמות מחולה,3578,1979
שדרות,1031,1951
שואבה,741,1950
שובה,761,1950
שובל,394,1946
שוהם,1304,1993
שומרה,614,1949
שומרייה,1265,1984
שוקדה,415,1957
שורש,456,1948
שורשים,1235,1985
שושנת העמקים,224,1951
שזור,527,1953
שחר,7,1955
שחרות,1266,1985
שיבולים,865,1952
שיזף,1378,2021
שיטים,1267,
שייח' דנון,658,
שילה,3641,1979
שילת,1165,1977
שכניה,1160,1980
שלווה,873,1952
שלווה במדבר,1373,
שלוחות,439,1948
שלומי,812,1950
שלומית,1364,2011
שלומציון,1793,
שמיר,366,1944
שמעה,3784,1985
שמרת,432,1948
שמשית,1337,2000
שני,1287,1989
שניר,1132,1967
שעב,538,
שעל,4009,1976
שעלבים,856,1951
שער אפרים,661,1953
שער הגולן,264,1937
שער העמקים,237,1935
שער מנשה,921,1949
שערי תקווה,3720,1983
שפיים,232,1935
שפיר,692,1949
"שפלת יהודה מ""א 26",1803,
"שפלת יהודה של""ש",1804,
שפר,846,1950
שפרעם,8800,
שקד,3649,1981
שקף,1233,1982
שרונה,292,1938
שריגים (לי-און),1114,1960
שריד,126,1926
שרשרת,398,1951
שתולה,1045,1969
שתולים,763,1950
תאשור,2062,1953
תדהר,2061,1953
תובל,1172,1980
תומר,3558,1978
תושייה,1083,1958
תימורים,163,1954
תירוש,10,1955
תל אביב -יפו,5000,1909
תל חי (מכללה),1707,
תל יוסף,84,1921
תל יצחק,287,1938
תל מונד,154,1929
תל עדשים,103,1923
תל קציר,719,1949
תל שבע,1054,
תל תאומים,1283,1987
תלם,3719,1982
תלמי אליהו,1051,1970
תלמי אלעזר,2003,1952
"תלמי ביל""ו",2050,1953
תלמי יוסף,1237,1982
תלמי יחיאל,727,1949
תלמי יפה,744,1950
תלמים,814,1950
תמרת,1244,1983
תנובות,2002,1952
תעוז,752,1950
תעשיון בינימין*,1744,
תעשיון דלתון,1709,
תעשיון השרון,1741,
תעשיון חבל יבנה,1750,
תעשיון חצב*,1742,
תעשיון מבצע*,1754,
תעשיון מיתרים,1794,
תעשיון צריפין,1749,
תעשיון ראם*,1755,
"תעשיון שח""ק",1792,
תעשיות גליל תחתון,1714,
תפרח,709,1949
תקומה,665,1949
תקוע,3563,1977
תראבין א-צאנע (שבט),970,
תרבין א-צאנע (יישוב)*,1346,
תרום,778,1950
